{
  "employees": [
    {
      "id": 1,
      "first_name": "Sebastian",
      "last_name": "Eschweiler",
      "email": "sebastian@codingthesmartway.com"
    },
    {
      "id": 2,
      "first_name": "Steve",
      "last_name": "Palmer",
      "email": "steve@codingthesmartway.com"
    },
    {
      "id": 3,
      "first_name": "Ann",
      "last_name": "Smith",
      "email": "ann@codingthesmartway.com"
    },
    {
      "id": 4,
      "firstName": "jkjkhkh",
      "lastName": "khkjh",
      "email": "kjhkj@jm"
    },
    {
      "id": 5,
      "firstName": "jkjkhkh",
      "lastName": "khkjh",
      "email": "kjhkj@jm"
    },
    {
      "id": 6,
      "firstName": "sd",
      "lastName": "sd",
      "email": "sd@ssd"
    }
  ]
}